First Name,Last Name,Department,Title,City,State,Office,EmployeeID
Ana,Duran,Accounting,Analyst,Seattle,WA,MVA,4242
Chad,Lawhorn,Finance,Senior Analyst,New York,NY,MVA,4243
Cole,Catlett,HR,Manager,Los Angeles,CA,MVA,4244
Darren,McCormick,Marketing,Analyst,Atlanta,GA,MVA,4245
Denise,Norris,Research,Senior Analyst,Seattle,WA,MVA,4246
Dwight,Ahmad,Sales,Manager,New York,NY,MVA,4247
Eric,Langer,Accounting,Analyst,Los Angeles,CA,MVA,4248
Harry,Everson,Finance,Senior Analyst,Atlanta,GA,MVA,4249
Hiram,Cornejo,HR,Manager,Seattle,WA,MVA,4250
Irene,Strickland,Marketing,Analyst,New York,NY,MVA,4251
Janine,Leblanc,Research,Senior Analyst,Los Angeles,CA,MVA,4252
Mason,Novotny,Sales,Manager,Atlanta,GA,MVA,4253
Millie,Bray,Accounting,Analyst,Seattle,WA,MVA,4254
Ofelia,Riddle,Finance,Senior Analyst,New York,NY,MVA,4255
Patricia,Thomas,HR,Manager,Los Angeles,CA,MVA,4256
Rhonda,Ballard,Marketing,Analyst,Atlanta,GA,MVA,4257
Ross,Heinrich,Research,Senior Analyst,Seattle,WA,MVA,4258
Sharlene,England,Sales,Manager,New York,NY,MVA,4259
Tania,Witt,Accounting,Analyst,Los Angeles,CA,MVA,4260
Toby,Wickham,Finance,Senior Analyst,Atlanta,GA,MVA,4261
